demographics.age,demographics.education,demographics.gender,participant_id,prolific_id
,,,06a5069b-7131-4194-9b9c-93e25dbdd92c,3334343434
30,,Man,077b2c4b-33a2-4c4e-a7db-3189731ce966,TEST123456
45,Bachelor's degree,Man,089f3e41-1a14-497b-8975-e5807dd2c350,edededed
,,,0b929b3f-396f-444b-baa3-ddcf73741a74,edededed
34,High school diploma or equivalent,Woman,0d36e182-2fbe-4613-abb1-683e4a13f3f6,3334343434
,,,0f1d6ac2-f4f5-4ae9-aa71-b876c7543831,
43,"Some college, no degree",Woman,108ddd43-9eca-450b-8f43-5c7be5a61101,ededededed
,,Man,10a27158-376d-4b83-8f36-844696aa33d3,edededed
,,,127216e2-832a-4923-88ee-1f2d55dcc714,12345667
30,High school diploma or equivalent,Man,190dc9d9-a246-4e80-904a-179df4bd2e22,edededed
45,High school diploma or equivalent,Woman,1d8e4e7d-9e8e-4eec-b1d3-33e908f1ee59,3334343434
,,,1f01b9f3-ab4e-4539-83fc-be8b16993834,3334343434
,,,1fd5c8af-5c64-4041-9c99-adaeba9d1e49,
45,High school diploma or equivalent,Man,21c79531-32e1-4ff7-8215-252532b9baea,3334343434
49,"Some college, no degree",Man,285aac11-4c23-408e-b90a-25fe6bb9937b,3334343434
,,,2aaeb2df-06e7-4505-8ed4-344ae50ec0f6,23423432432
,,,2ba270d2-c0ce-42ce-8f03-67f80381084d,23423432432
,,,2dd85cf8-341d-4800-9589-5057fa3a058b,687687878
,,,2e4c7343-cde0-4831-8e23-781e3caac0f1,TESTFIX123
,,,2ea760b1-c792-49b0-a225-71d3d6b84769,edededed
,,,3034c06f-810e-47e3-ba1c-2b8f59e780d3,3334343434
31,"Some college, no degree",Woman,30be5f9c-4681-41c0-abc2-d861ed4ee8b6,1234432222
67,High school diploma or equivalent,Man,32830ecb-032b-4fdc-a68f-6e1252c88b0b,3334343434
,,,3678e7e7-dee8-4599-92fc-19e4191781e4,TEST67890
,,,3a9663d2-f1d4-49c8-a65f-46f5db531a65,TEST12345
40,Less than high school,Non-binary,3b1ba6c5-f65d-4b8f-870d-d4c6f668a059,edededed
45,High school diploma or equivalent,Man,3cb9cfe1-14e1-494b-bd1c-23a1b37043da,3334343434
30,"Some college, no degree",Man,3e689bda-4ac5-4e7c-a1ee-2b1decda0f1c,3e234234324
,,,41ca631b-9533-4db6-a78a-b7da994e9cd2,
31,"Some college, no degree",Man,4644d6c1-303d-42a5-a18a-ae0e442bf61b,3334343434
30,Associate degree,Other,4a45d70c-c72e-4f22-9ac3-1c0522104083,edededed
30,High school diploma or equivalent,Man,4a765763-48f3-4f50-be3b-138b3e1343f1,ihgiygiygg
,,,4c09b831-13a1-448b-970f-54fe4446ad68,23423432432
,,,515437d5-e614-4bb0-9d43-3f16174a789b,123456786
30,Less than high school,Man,529c7c11-ea77-4829-96fe-8a76d91ba428,edededed
,,,53abf2d9-ddf2-430c-b1f4-3f636da66071,edededed
30,Less than high school,Man,54ea2164-9741-4378-8b84-87beb1f2a4ff,crcrfrfr
30,High school diploma or equivalent,Man,57218852-ca1a-4c15-8497-cd3f0b7e6e58,534534543
34,Less than high school,Woman,5748dcfb-e576-48ed-b2ea-8b163fc26ad8,wdwdw5g5g
30,"Some college, no degree",Man,5bc3b620-1057-4c24-ad61-c9e2f4af254f,3454345435
,,,60307e7d-0d34-4c63-90c9-fd4304f5f6ff,edededed
,,,6258ec54-28aa-4852-9506-ed3abff52e20,23423432432
30,Associate degree,Man,63cccaf2-8392-4e6a-9349-8c1e8d6064f4,
,,,65da03ca-6ae9-4702-9704-d1277f8348aa,23423432432
30,Bachelor's degree,Man,65dba151-7796-4dde-8981-a690d6e069bf,12312312313
30,High school,Man,67e3605d-af2c-4226-8664-60fa4cf3eb5f,edededed
66,,Woman,69be05c6-858c-4cfc-9c4e-eaabce8eaef8,3334343434
26,High school diploma or equivalent,Non-binary,6a0ebbdb-da3c-4376-8905-7391ae48927e,3334343434
34,"Some college, no degree",Woman,6e165fb7-a6d1-4156-a5d2-defea67d2bc9,3334343434
30,,Non-binary,6f986d9a-daaa-40f7-a85b-18eff1b1ca3e,23423432432
30,Less than high school,Man,8015b4ac-2640-4b40-bf0d-06b67bee1364,edededed
30,Less than high school,Man,80ec6b9e-06b7-41f0-95c5-a8978700b883,edededed
,,,86e79db7-e5aa-4f1c-91e2-460022449dfe,3334343434
31,High school diploma or equivalent,Man,8d186f46-036e-4753-925c-bd3047232ccd,3334343434
25,Bachelor,Man,91cc3783-bead-4ab4-a24d-46aa3b5e3b0c,
30,Less than high school,Man,94a5b6c3-9c8e-4eab-8766-2161ba226f25,edededed
30,Less than high school,Man,97124b74-2bb5-4eac-8265-2c18beaadc2c,edededed
,,,989b6d71-c940-4562-8768-681745c59f53,
,,,9a5943c1-23b0-468e-9410-d3d502c5a6da,4543543
,,,9a9a3594-7631-4ea3-9b41-7dad9da64d71,edededed
,,,9d741132-305a-48f8-bbd2-352a441cdd52,
31,Less than high school,Man,9dcc194d-dbbe-49a5-8847-d83a5f615686,3334343434
,,,a25c03c1-b61f-4a67-8117-252a87c767c0,edededed
,,,a51cfc71-b161-4ce6-9a59-14fe8cc640bb,3334343434
,,,aa158ee0-8109-4221-9af8-2930a80bad9f,3334343434
,,,ab647845-4fa4-443a-ad46-a21bff2d0e52,edededed
30,Less than high school,Man,acc190bb-afa3-4f5f-ad88-c6861c7c0c92,343434343
25,Bachelor,Man,ad64f661-92e3-4406-92c3-8585bc5ac00d,
33,Less than high school,Man,ae37e4de-0162-4118-9171-89c504a359d9,e3e3e3e3e3
30,Less than high school,Woman,b5556be4-7e3b-443a-8956-5d08ffc8528a,edededed
25,Bachelor,Man,baceb4f8-c03e-41ef-8f49-2fb54d1a5678,
40,Less than high school,Woman,bafbd953-9fe2-4bea-bc0c-c0ec42bf2c8f,afhfahfha4r4
30,"Some college, no degree",Man,bd8f6e1a-e24f-4625-9e7b-e2b1d12463ab,23423432432
,,,bf64ced7-420f-49b3-a173-bc26617c17c9,edededed
,,,c0a5c65a-e14f-4879-ac5d-830ed423d898,3334343434
,,,c6069851-5124-4716-8342-fc6e379f5ee5,1234566765
,,,c62a16ae-7ee1-4520-b868-4f2a0fd51f42,
,,,c923427d-a0a3-4560-9a26-0fe557935023,3334343434
,,,ca3a51de-4e84-4954-8be6-303d11b06ac5,3334343434
,,,cae9f48c-a384-4475-9f3f-05d4ee383df5,3334343434
,,,cff66acf-9733-41e0-94c9-4140578f52bb,edededed
30,Prefer not to say,Non-binary,d187a367-2db6-4d03-b4be-7aebe3b3ffb1,12345455e33r
,Less than high school,,d2ed5fdf-beab-44c6-b2c5-d6d85907ccf4,edededed
,,,d3ad5295-79ea-4640-a9af-f5e0a68f58ff,
,,,d794178a-6563-486a-bb38-4988618806ce,3334343434
30,Bachelor's degree,Man,e056ad52-b88a-423c-907c-002ea0bbfbbe,edededed
30,Prefer not to say,Man,e0a677fc-a9ed-43f5-954f-e7053b69d86f,1234567
56,High school diploma or equivalent,Man,e489a472-3798-4eb4-a6a9-9e149346888f,3334343434
30,Less than high school,Man,e54a4d85-415a-42dd-ba94-67d1d6e4c60f,wdwdw5655
30,"Some college, no degree",Man,e8201876-0dea-46cf-ae1d-da6ab73f46c0,23423432432
22,Less than high school,Woman,e83e1d3d-1187-4ac1-b6e9-62b9ceaf5108,4r4dfyht
,,,e9cddf33-3c34-4057-b8ff-4dc2b4702235,edededed
30,Less than high school,Woman,ea362dbf-0776-48da-8c82-e3cbf6cf6556,edededed3434
31,Less than high school,,f163cf0e-113b-4bb4-9e4e-0c78284c4b13,59858585885858585885
30,Less than high school,Man,f25c8da7-8257-446a-8890-658286ab7272,edededed
,,,f69a6df3-7d40-4b3e-ae04-6099e6835f0e,
30,Less than high school,Man,fcd95871-9841-4413-a28d-c89477823ee4,wdwdwwdw
,,,fd288cb8-6a1e-462f-a95b-f0743eed0138,23423432432